{"cameraMode":{"drawMode":0,"name":"Shaded","section":"Shading Mode"},"sceneLighting":false,"audioPlay":false,"sceneViewState":{"showFog":true,"showMaterialUpdate":false,"showSkybox":false,"showFlares":true,"showImageEffects":true,"showParticleSystems":true},"in2DMode":false,"pivot":{"x":6.150000095367432,"y":1.8799999952316285,"z":-32.5},"rotation":{"x":-0.006495477631688118,"y":0.9738581776618958,"z":-0.028064416721463205,"w":-0.22533592581748963},"size":9.028450012207032,"orthographic":false}