{"cameraMode":{"drawMode":0,"name":"Shaded","section":"Shading Mode"},"sceneLighting":false,"audioPlay":false,"sceneViewState":{"showFog":true,"showMaterialUpdate":false,"showSkybox":false,"showFlares":true,"showImageEffects":true,"showParticleSystems":true},"in2DMode":false,"pivot":{"x":4.690000057220459,"y":3.4100000858306886,"z":-20.58981704711914},"rotation":{"x":-0.006495477631688118,"y":0.9738581776618958,"z":-0.028064416721463205,"w":-0.22533592581748963},"size":0.00005634145418298431,"orthographic":false}